Reference,Value,Manufacturer part candidate,Footprint,Source URL,Status
PS1,IRM-05-5,IRM-05-5,Converter_ACDC:Converter_ACDC_MeanWell_IRM-05-xx_THT,https://www.meanwell.com/Upload/PDF/IRM-05/IRM-05-SPEC.PDF,"UNRELEASED: verify exact variant, sourcing and application"
K1,RT314005 / 5V,RT314005 / 1-1649328-0,Relay_THT:Relay_SPDT_Schrack-RT1-16A-FormC_RM5mm,https://www.te.com/en/product-1-1649328-0.html,"UNRELEASED: verify exact variant, sourcing and application"
U1,ESP32-C3-WROOM-02U-N4,ESP32-C3-WROOM-02U-N4,RF_Module:ESP32-C3-WROOM-02U,https://www.espressif.com/sites/default/files/documentation/esp32-c3-wroom-02_datasheet_en.pdf,"UNRELEASED: verify exact variant, sourcing and application"
U2,AP63203WU-7,AP63203WU-7,Package_TO_SOT_SMD:TSOT-23-6,https://www.diodes.com/datasheet/download/AP63200-AP63201-AP63203-AP63205.pdf,"UNRELEASED: verify exact variant, sourcing and application"
L1,3.9uH,SRN4018-3R9M,Inductor_SMD:L_Bourns-SRN4018,https://www.bourns.com/docs/product-datasheets/srn4018.pdf,"UNRELEASED: verify exact variant, sourcing and application"
C1,10uF 16V,GRM21-series candidate,Capacitor_SMD:C_0805_2012Metric,https://www.murata.com/en-us/products/capacitor/ceramiccapacitor,"UNRELEASED: verify exact variant, sourcing and application"
C2,100nF 16V,GRM21-series candidate,Capacitor_SMD:C_0805_2012Metric,https://www.murata.com/en-us/products/capacitor/ceramiccapacitor,"UNRELEASED: verify exact variant, sourcing and application"
C3,22uF 10V,GRM21-series candidate,Capacitor_SMD:C_0805_2012Metric,https://www.murata.com/en-us/products/capacitor/ceramiccapacitor,"UNRELEASED: verify exact variant, sourcing and application"
C4,22uF 10V,GRM21-series candidate,Capacitor_SMD:C_0805_2012Metric,https://www.murata.com/en-us/products/capacitor/ceramiccapacitor,"UNRELEASED: verify exact variant, sourcing and application"
C5,100nF 10V,GRM21-series candidate,Capacitor_SMD:C_0805_2012Metric,https://www.murata.com/en-us/products/capacitor/ceramiccapacitor,"UNRELEASED: verify exact variant, sourcing and application"
Q1,AO3400A,AO3400A,Package_TO_SOT_SMD:SOT-23,https://www.aosmd.com/res/data_sheets/AO3400A.pdf,"UNRELEASED: verify exact variant, sourcing and application"
D1,SS14,SS14,Diode_SMD:D_SMA,https://www.vishay.com/docs/88746/ss12.pdf,"UNRELEASED: verify exact variant, sourcing and application"
R1,100R,RC0603FR-07100RL,Resistor_SMD:R_0603_1608Metric,https://www.yageo.com/en/ProductSearch,"UNRELEASED: verify exact variant, sourcing and application"
R2,100k,RC0603FR-07100KL,Resistor_SMD:R_0603_1608Metric,https://www.yageo.com/en/ProductSearch,"UNRELEASED: verify exact variant, sourcing and application"
R3,10k,RC0603FR-0710KL,Resistor_SMD:R_0603_1608Metric,https://www.yageo.com/en/ProductSearch,"UNRELEASED: verify exact variant, sourcing and application"
C6,1uF 10V,GRM21-series candidate,Capacitor_SMD:C_0805_2012Metric,https://www.murata.com/en-us/products/capacitor/ceramiccapacitor,"UNRELEASED: verify exact variant, sourcing and application"
R4,10k,RC0603FR-0710KL,Resistor_SMD:R_0603_1608Metric,https://www.yageo.com/en/ProductSearch,"UNRELEASED: verify exact variant, sourcing and application"
R5,10k,RC0603FR-0710KL,Resistor_SMD:R_0603_1608Metric,https://www.yageo.com/en/ProductSearch,"UNRELEASED: verify exact variant, sourcing and application"
R6,10k,RC0603FR-0710KL,Resistor_SMD:R_0603_1608Metric,https://www.yageo.com/en/ProductSearch,"UNRELEASED: verify exact variant, sourcing and application"
U3,TMP102AIDRLR,TMP102AIDRLR,Package_TO_SOT_SMD:SOT-563,https://www.ti.com/lit/ds/symlink/tmp102.pdf,"UNRELEASED: verify exact variant, sourcing and application"
R7,4.7k,RC0603FR-074K7L,Resistor_SMD:R_0603_1608Metric,https://www.yageo.com/en/ProductSearch,"UNRELEASED: verify exact variant, sourcing and application"
R8,4.7k,RC0603FR-074K7L,Resistor_SMD:R_0603_1608Metric,https://www.yageo.com/en/ProductSearch,"UNRELEASED: verify exact variant, sourcing and application"
C7,100nF 10V,GRM21-series candidate,Capacitor_SMD:C_0805_2012Metric,https://www.murata.com/en-us/products/capacitor/ceramiccapacitor,"UNRELEASED: verify exact variant, sourcing and application"
J1,LINE IN - terminal HOLD,1711725,TerminalBlock_Phoenix:TerminalBlock_Phoenix_MKDS-3-2-5.08_1x02_P5.08mm_Horizontal,https://www.phoenixcontact.com/en-pc/products/pcb-terminal-block-mkds-3-2-508-1711725,"UNRELEASED: verify exact variant, sourcing and application"
J2,SWITCHED OUT - HOLD,1711725,TerminalBlock_Phoenix:TerminalBlock_Phoenix_MKDS-3-2-5.08_1x02_P5.08mm_Horizontal,https://www.phoenixcontact.com/en-pc/products/pcb-terminal-block-mkds-3-2-508-1711725,"UNRELEASED: verify exact variant, sourcing and application"
J3,B SYSTEM HARNESS,TSW-106-07-G-D,Connector_PinHeader_2.54mm:PinHeader_2x06_P2.54mm_Vertical,https://www.samtec.com/products/tsw,"UNRELEASED: verify exact variant, sourcing and application"
J4,DEBUG - MAINS DISCONNECTED,Samtec TSW-1xx-07 candidate,Connector_PinHeader_2.54mm:PinHeader_1x05_P2.54mm_Vertical,https://www.samtec.com/products/tsw,"UNRELEASED: verify exact variant, sourcing and application"
J5,FUSED AUXILIARY INPUT,1711725,TerminalBlock_Phoenix:TerminalBlock_Phoenix_MKDS-3-2-5.08_1x02_P5.08mm_Horizontal,https://www.phoenixcontact.com/en-pc/products/pcb-terminal-block-mkds-3-2-508-1711725,"UNRELEASED: verify exact variant, sourcing and application"
SW1,LOCAL BUTTON,B3F-1000 candidate,Button_Switch_THT:SW_PUSH_6mm,https://components.omron.com/us-en/products/switches/B3F,"UNRELEASED: verify exact variant, sourcing and application"
LED1,STATUS LED GREEN,WP710A10GD candidate,LED_THT:LED_D3.0mm,https://www.kingbrightusa.com/,"UNRELEASED: verify exact variant, sourcing and application"
R10,10k,RC0603FR-0710KL,Resistor_SMD:R_0603_1608Metric,https://www.yageo.com/en/ProductSearch,"UNRELEASED: verify exact variant, sourcing and application"
R11,1k,RC0603FR-071KL,Resistor_SMD:R_0603_1608Metric,https://www.yageo.com/en/ProductSearch,"UNRELEASED: verify exact variant, sourcing and application"
