Board,Reference,Source module,Original reference,Value,MPN candidate,Footprint,Height mm,Source URL,Assembly accessory MPN,Accessory quantity
integrated,PS101,controller,PS1,IRM-10-5,IRM-10-5,Integrated:IRM10_Controller_Candidate,21.5,https://www.meanwell.com/Upload/PDF/IRM-10/IRM-10-SPEC.PDF,,
integrated,K101,controller,K1,RT314005 / 5V,RT314005 / 1-1649328-0,Relay_THT:Relay_SPDT_Schrack-RT1-16A-FormC_RM5mm,15.7,https://www.te.com/en/product-1-1649328-0.html,,
integrated,U101,controller,U1,ESP32-C3-WROOM-02U-N4,ESP32-C3-WROOM-02U-N4,RF_Module:ESP32-C3-WROOM-02U,3.35,https://www.espressif.com/sites/default/files/documentation/esp32-c3-wroom-02_datasheet_en.pdf,,
integrated,U102,controller,U2,AP63203WU-7,AP63203WU-7,Package_TO_SOT_SMD:TSOT-23-6,1,https://www.diodes.com/datasheet/download/AP63200-AP63201-AP63203-AP63205.pdf,,
integrated,L101,controller,L1,3.9uH,SRN4018-3R9M,Inductor_SMD:L_Bourns-SRN4018,1.8,https://www.bourns.com/docs/product-datasheets/srn4018.pdf,,
integrated,C101,controller,C1,10uF 16V,GRM21-series candidate,Capacitor_SMD:C_0805_2012Metric,1.25,https://www.murata.com/en-us/products/capacitor/ceramiccapacitor,,
integrated,C102,controller,C2,100nF 16V,GRM21-series candidate,Capacitor_SMD:C_0805_2012Metric,1.25,https://www.murata.com/en-us/products/capacitor/ceramiccapacitor,,
integrated,C103,controller,C3,22uF 10V,GRM21-series candidate,Capacitor_SMD:C_0805_2012Metric,1.25,https://www.murata.com/en-us/products/capacitor/ceramiccapacitor,,
integrated,C104,controller,C4,22uF 10V,GRM21-series candidate,Capacitor_SMD:C_0805_2012Metric,1.25,https://www.murata.com/en-us/products/capacitor/ceramiccapacitor,,
integrated,C105,controller,C5,100nF 10V,GRM21-series candidate,Capacitor_SMD:C_0805_2012Metric,1.25,https://www.murata.com/en-us/products/capacitor/ceramiccapacitor,,
integrated,Q101,controller,Q1,AO3400A,AO3400A,Package_TO_SOT_SMD:SOT-23,1.1,https://www.aosmd.com/res/data_sheets/AO3400A.pdf,,
integrated,D101,controller,D1,SS14,SS14,Diode_SMD:D_SMA,2.4,https://www.vishay.com/docs/88746/ss12.pdf,,
integrated,R101,controller,R1,100R,RC0603FR-07100RL,Resistor_SMD:R_0603_1608Metric,0.5,https://www.yageo.com/en/ProductSearch,,
integrated,R102,controller,R2,100k,RC0603FR-07100KL,Resistor_SMD:R_0603_1608Metric,0.5,https://www.yageo.com/en/ProductSearch,,
integrated,R103,controller,R3,10k,RC0603FR-0710KL,Resistor_SMD:R_0603_1608Metric,0.5,https://www.yageo.com/en/ProductSearch,,
integrated,C106,controller,C6,1uF 10V,GRM21-series candidate,Capacitor_SMD:C_0805_2012Metric,1.25,https://www.murata.com/en-us/products/capacitor/ceramiccapacitor,,
integrated,R104,controller,R4,10k,RC0603FR-0710KL,Resistor_SMD:R_0603_1608Metric,0.5,https://www.yageo.com/en/ProductSearch,,
integrated,R105,controller,R5,10k,RC0603FR-0710KL,Resistor_SMD:R_0603_1608Metric,0.5,https://www.yageo.com/en/ProductSearch,,
integrated,R106,controller,R6,10k,RC0603FR-0710KL,Resistor_SMD:R_0603_1608Metric,0.5,https://www.yageo.com/en/ProductSearch,,
integrated,U103,controller,U3,TMP102AIDRLR,TMP102AIDRLR,Package_TO_SOT_SMD:SOT-563,0.6,https://www.ti.com/lit/ds/symlink/tmp102.pdf,,
integrated,R107,controller,R7,4.7k,RC0603FR-074K7L,Resistor_SMD:R_0603_1608Metric,0.5,https://www.yageo.com/en/ProductSearch,,
integrated,R108,controller,R8,4.7k,RC0603FR-074K7L,Resistor_SMD:R_0603_1608Metric,0.5,https://www.yageo.com/en/ProductSearch,,
integrated,C107,controller,C7,100nF 10V,GRM21-series candidate,Capacitor_SMD:C_0805_2012Metric,1.25,https://www.murata.com/en-us/products/capacitor/ceramiccapacitor,,
integrated,J102,controller,J2,SWITCHED OUT - HOLD,1868076,Integrated:MKDS5_2_7p62,21.5,https://www.phoenixcontact.com/us/products/1868076/pdf,,
integrated,J104,controller,J4,DEBUG - MAINS DISCONNECTED,Samtec TSW-1xx-07 candidate,Connector_PinHeader_2.54mm:PinHeader_1x05_P2.54mm_Vertical,8,https://www.samtec.com/products/tsw,,
integrated,SW101,controller,SW1,LOCAL BUTTON,B3F-1000 candidate,Button_Switch_THT:SW_PUSH_6mm,4.3,https://components.omron.com/us-en/products/switches/B3F,,
integrated,LED101,controller,LED1,STATUS LED GREEN,WP710A10GD candidate,LED_THT:LED_D3.0mm,5.3,https://www.kingbrightusa.com/,,
integrated,R110,controller,R10,10k,RC0603FR-0710KL,Resistor_SMD:R_0603_1608Metric,0.5,https://www.yageo.com/en/ProductSearch,,
integrated,R111,controller,R11,1k,RC0603FR-071KL,Resistor_SMD:R_0603_1608Metric,0.5,https://www.yageo.com/en/ProductSearch,,
integrated,U201,meter,U1,ATM90E26-YU,ATM90E26-YU,Package_SO:SSOP-28_5.3x10.2mm_P0.65mm,2.0,https://ww1.microchip.com/downloads/aemDocuments/documents/OTH/ProductDocuments/DataSheets/Atmel-46002-SE-M90E26-Datasheet.pdf,,
integrated,U202,meter,U2,ISO6741DWR,ISO6741DWR,RevB:ISO6741_DW_8p1,2.65,https://www.ti.com/lit/ds/symlink/iso6741.pdf,,
integrated,PS201,meter,PS1,R05CT05S-R / 3.3V,R05CT05S-R,RevB:R05CT05S_8p1,2.65,https://recom-power.com/pdf/Econoline/RxxCTxx.pdf,,
integrated,RS201,meter,RS1,1mR / 1% / 8W,CSS4J-4026R-1L00FE,RevB:CSS4J_4026,2.92,https://www.bourns.com/docs/product-datasheets/css4j-4026.pdf,,
integrated,J201,meter,J1,PROTECTED LINE + NEUTRAL INPUT,1868076,Integrated:MKDS5_2_7p62,21.5,https://www.phoenixcontact.com/us/products/1868076/pdf,,
integrated,R201,meter,R1,100R,TNPW0603100RBEEA,Resistor_SMD:R_0603_1608Metric,0.55,https://www.vishay.com/docs/28758/tnpw_e3.pdf,,
integrated,R202,meter,R2,100R,TNPW0603100RBEEA,Resistor_SMD:R_0603_1608Metric,0.55,https://www.vishay.com/docs/28758/tnpw_e3.pdf,,
integrated,C201,meter,C1,330nF 16V,GRM21-series 330nF 16V candidate,Capacitor_SMD:C_0805_2012Metric,1.25,https://www.murata.com/en-us/products/capacitor/ceramiccapacitor,,
integrated,C202,meter,C2,330nF 16V,GRM21-series 330nF 16V candidate,Capacitor_SMD:C_0805_2012Metric,1.25,https://www.murata.com/en-us/products/capacitor/ceramiccapacitor,,
integrated,RV201,meter,RV1,249k,TNPW1206249KBEEA,Resistor_SMD:R_1206_3216Metric,0.65,https://www.vishay.com/docs/28758/tnpw_e3.pdf,,
integrated,RV202,meter,RV2,249k,TNPW1206249KBEEA,Resistor_SMD:R_1206_3216Metric,0.65,https://www.vishay.com/docs/28758/tnpw_e3.pdf,,
integrated,RV203,meter,RV3,249k,TNPW1206249KBEEA,Resistor_SMD:R_1206_3216Metric,0.65,https://www.vishay.com/docs/28758/tnpw_e3.pdf,,
integrated,RV204,meter,RV4,249k,TNPW1206249KBEEA,Resistor_SMD:R_1206_3216Metric,0.65,https://www.vishay.com/docs/28758/tnpw_e3.pdf,,
integrated,RV205,meter,RV5,1k,TNPW08051K00BEEA,Resistor_SMD:R_0805_2012Metric,0.65,https://www.vishay.com/docs/28758/tnpw_e3.pdf,,
integrated,RV206,meter,RV6,1k,TNPW08051K00BEEA,Resistor_SMD:R_0805_2012Metric,0.65,https://www.vishay.com/docs/28758/tnpw_e3.pdf,,
integrated,RV207,meter,RV7,1k,TNPW08051K00BEEA,Resistor_SMD:R_0805_2012Metric,0.65,https://www.vishay.com/docs/28758/tnpw_e3.pdf,,
integrated,CV201,meter,CV1,33nF 16V,GRM21-series 33nF 16V candidate,Capacitor_SMD:C_0805_2012Metric,1.25,https://www.murata.com/en-us/products/capacitor/ceramiccapacitor,,
integrated,CV202,meter,CV2,33nF 16V,GRM21-series 33nF 16V candidate,Capacitor_SMD:C_0805_2012Metric,1.25,https://www.murata.com/en-us/products/capacitor/ceramiccapacitor,,
integrated,R203,meter,R3,0R,RC0805JR-070RL,Resistor_SMD:R_0805_2012Metric,0.65,https://www.vishay.com/docs/28758/tnpw_e3.pdf,,
integrated,C203,meter,C3,100nF 16V,GRM21-series 100nF 16V candidate,Capacitor_SMD:C_0805_2012Metric,1.25,https://www.murata.com/en-us/products/capacitor/ceramiccapacitor,,
integrated,C204,meter,C4,100nF 16V,GRM21-series 100nF 16V candidate,Capacitor_SMD:C_0805_2012Metric,1.25,https://www.murata.com/en-us/products/capacitor/ceramiccapacitor,,
integrated,C205,meter,C5,10uF 10V,GRM21-series 10uF 10V candidate,Capacitor_SMD:C_0805_2012Metric,1.25,https://www.murata.com/en-us/products/capacitor/ceramiccapacitor,,
integrated,C206,meter,C6,1uF 16V,GRM21-series 1uF 16V candidate,Capacitor_SMD:C_0805_2012Metric,1.25,https://www.murata.com/en-us/products/capacitor/ceramiccapacitor,,
integrated,C207,meter,C7,1nF C0G,GRM21-series 1nF C0G candidate,Capacitor_SMD:C_0805_2012Metric,1.25,https://www.murata.com/en-us/products/capacitor/ceramiccapacitor,,
integrated,R204,meter,R4,10k,TNPW080510K0BEEA,Resistor_SMD:R_0805_2012Metric,0.65,https://www.vishay.com/docs/28758/tnpw_e3.pdf,,
integrated,C208,meter,C8,100nF 16V,GRM21-series 100nF 16V candidate,Capacitor_SMD:C_0805_2012Metric,1.25,https://www.murata.com/en-us/products/capacitor/ceramiccapacitor,,
integrated,Y201,meter,Y1,ASV-8.192MHZ-LC-S-T / candidate,ASV-8.192MHZ-LC-S-T,Oscillator:Oscillator_SMD_Abracon_ASV-4Pin_7.0x5.1mm,1.8,https://abracon.com/Oscillators/ASV.pdf,,
integrated,CX201,meter,CX1,100nF 16V X7R,GRM188R71C104KA01D,Capacitor_SMD:C_0805_2012Metric,0.9,https://www.murata.com/en-us/products/productdetail?partno=GRM188R71C104KA01D,,
integrated,CP201,meter,CP1,10uF 16V,GRM21-series 10uF 16V candidate,Capacitor_SMD:C_0805_2012Metric,1.25,https://www.murata.com/en-us/products/capacitor/ceramiccapacitor,,
integrated,CP202,meter,CP2,100nF 16V,GRM21-series 100nF 16V candidate,Capacitor_SMD:C_0805_2012Metric,1.25,https://www.murata.com/en-us/products/capacitor/ceramiccapacitor,,
integrated,CP203,meter,CP3,10uF 10V,GRM21-series 10uF 10V candidate,Capacitor_SMD:C_0805_2012Metric,1.25,https://www.murata.com/en-us/products/capacitor/ceramiccapacitor,,
integrated,CP204,meter,CP4,100nF 16V,GRM21-series 100nF 16V candidate,Capacitor_SMD:C_0805_2012Metric,1.25,https://www.murata.com/en-us/products/capacitor/ceramiccapacitor,,
integrated,CI201,meter,CI1,100nF 16V,GRM21-series 100nF 16V candidate,Capacitor_SMD:C_0805_2012Metric,1.25,https://www.murata.com/en-us/products/capacitor/ceramiccapacitor,,
integrated,CI202,meter,CI2,100nF 16V,GRM21-series 100nF 16V candidate,Capacitor_SMD:C_0805_2012Metric,1.25,https://www.murata.com/en-us/products/capacitor/ceramiccapacitor,,
integrated,R205,meter,R5,10k,TNPW080510K0BEEA,Resistor_SMD:R_0805_2012Metric,0.65,https://www.vishay.com/docs/28758/tnpw_e3.pdf,,
integrated,R206,meter,R6,10k,TNPW080510K0BEEA,Resistor_SMD:R_0805_2012Metric,0.65,https://www.vishay.com/docs/28758/tnpw_e3.pdf,,
integrated,R301,feedback,R1,33k 1% 1W,PR01000103302FA100,Feedback:PR01_P10.16,4.5,https://www.vishay.com/docs/28729/pr010203.pdf,,
integrated,R302,feedback,R2,33k 1% 1W,PR01000103302FA100,Feedback:PR01_P10.16,4.5,https://www.vishay.com/docs/28729/pr010203.pdf,,
integrated,R303,feedback,R3,33k 1% 1W,PR01000103302FA100,Feedback:PR01_P10.16,4.5,https://www.vishay.com/docs/28729/pr010203.pdf,,
integrated,R304,feedback,R4,33k 1% 1W,PR01000103302FA100,Feedback:PR01_P10.16,4.5,https://www.vishay.com/docs/28729/pr010203.pdf,,
integrated,U301,feedback,U1,ACPL-K376-560E,ACPL-K376-560E,Feedback:SSO8_ACPL_K376,3.307,https://docs.broadcom.com/doc/AV02-2153EN,,
integrated,R305,feedback,R5,1.8k 1%,RC0603FR-071K8L,Resistor_SMD:R_0603_1608Metric,0.55,https://www.yageo.com/en/ProductSearch,,
integrated,C301,feedback,C1,100nF 16V X7R,GRM188R71C104KA01D,Capacitor_SMD:C_0603_1608Metric,0.9,https://www.murata.com/en-us/products/productdetail?partno=GRM188R71C104KA01D,,
remote_sensor,U401,thermal,U1,TMP302BDRLR,TMP302BDRLR,Package_TO_SOT_SMD:SOT-563,0.6,https://www.ti.com/lit/gpn/TMP302,,
remote_sensor,R401,thermal,R1,10k 1%,RC0603FR-0710KL,Resistor_SMD:R_0603_1608Metric,0.55,https://www.yageo.com/en/ProductSearch,,
remote_sensor,C401,thermal,C1,100nF 16V X7R,GRM188R71C104KA01D,Capacitor_SMD:C_0603_1608Metric,0.9,https://www.murata.com/en-us/products/productdetail?partno=GRM188R71C104KA01D,,
integrated,U402,thermal,U2,SN74LVC1G17DBVR,SN74LVC1G17DBVR,Package_TO_SOT_SMD:SOT-23-5,1.45,https://www.ti.com/lit/ds/symlink/sn74lvc1g17.pdf,,
integrated,R402,thermal,R2,100k 1%,RC0603FR-07100KL,Resistor_SMD:R_0603_1608Metric,0.55,https://www.yageo.com/en/ProductSearch,,
integrated,C402,thermal,C2,100nF 16V X7R,GRM188R71C104KA01D,Capacitor_SMD:C_0603_1608Metric,0.9,https://www.murata.com/en-us/products/productdetail?partno=GRM188R71C104KA01D,,
integrated,U403,thermal,U3,TPS3808G30DBVR,TPS3808G30DBVR,Package_TO_SOT_SMD:SOT-23-6,1.45,https://www.ti.com/lit/ds/symlink/tps3808.pdf,,
integrated,R403,thermal,R3,100k 1%,RC0603FR-07100KL,Resistor_SMD:R_0603_1608Metric,0.55,https://www.yageo.com/en/ProductSearch,,
integrated,R404,thermal,R4,10k 1%,RC0603FR-0710KL,Resistor_SMD:R_0603_1608Metric,0.55,https://www.yageo.com/en/ProductSearch,,
integrated,C403,thermal,C3,100nF 16V X7R,GRM188R71C104KA01D,Capacitor_SMD:C_0603_1608Metric,0.9,https://www.murata.com/en-us/products/productdetail?partno=GRM188R71C104KA01D,,
integrated,U404,thermal,U4,SN74LVC1G74DCUR,SN74LVC1G74DCUR,Package_SO:VSSOP-8_2.3x2mm_P0.5mm,1.1,https://www.ti.com/lit/ds/symlink/sn74lvc1g74.pdf,,
integrated,C404,thermal,C4,100nF 16V X7R,GRM188R71C104KA01D,Capacitor_SMD:C_0603_1608Metric,0.9,https://www.murata.com/en-us/products/productdetail?partno=GRM188R71C104KA01D,,
integrated,J403,thermal,J3,SENSOR HARNESS,TSW-103-07-G-S,Connector_PinHeader_2.54mm:PinHeader_1x03_P2.54mm_Vertical,8.38,https://www.samtec.com/products/tsw-103-07-g-s,,
remote_sensor,J404,thermal,J4,SENSOR PIGTAIL,Soldered insulated pigtail / strain relief HOLD,Thermal:Sensor_Pigtail_3xP2.54,2.0,,,
integrated,SW401,thermal,SW1,MANUAL REARM,B3F-1000,Button_Switch_THT:SW_PUSH_6mm,4.3,https://components.omron.com/us-en/products/switches/B3F,,
integrated,R405,thermal,R5,1k 1%,RC0603FR-071KL,Resistor_SMD:R_0603_1608Metric,0.55,https://www.yageo.com/en/ProductSearch,,
integrated,R407,thermal,R7,100k 1%,RC0603FR-07100KL,Resistor_SMD:R_0603_1608Metric,0.55,https://www.yageo.com/en/ProductSearch,,
integrated,C405,thermal,C5,100nF 16V X7R,GRM188R71C104KA01D,Capacitor_SMD:C_0603_1608Metric,0.9,https://www.murata.com/en-us/products/productdetail?partno=GRM188R71C104KA01D,,
integrated,U405,thermal,U5,SN74LVC1G17DBVR,SN74LVC1G17DBVR,Package_TO_SOT_SMD:SOT-23-5,1.45,https://www.ti.com/lit/ds/symlink/sn74lvc1g17.pdf,,
integrated,C406,thermal,C6,100nF 16V X7R,GRM188R71C104KA01D,Capacitor_SMD:C_0603_1608Metric,0.9,https://www.murata.com/en-us/products/productdetail?partno=GRM188R71C104KA01D,,
integrated,Q401,thermal,Q1,AO3401A,AO3401A,Package_TO_SOT_SMD:SOT-23,1.12,https://www.aosmd.com/res/data_sheets/AO3401A.pdf,,
integrated,R409,thermal,R9,47k 1%,RC0603FR-0747KL,Resistor_SMD:R_0603_1608Metric,0.55,https://www.yageo.com/en/ProductSearch,,
integrated,Q402,thermal,Q2,MMBT3904,"MMBT3904,215",Package_TO_SOT_SMD:SOT-23,1.1,https://assets.nexperia.com/documents/data-sheet/MMBT3904.pdf,,
integrated,Q403,thermal,Q3,MMBT3904,"MMBT3904,215",Package_TO_SOT_SMD:SOT-23,1.1,https://assets.nexperia.com/documents/data-sheet/MMBT3904.pdf,,
integrated,R410,thermal,R10,10k 1%,RC0603FR-0710KL,Resistor_SMD:R_0603_1608Metric,0.55,https://www.yageo.com/en/ProductSearch,,
integrated,R411,thermal,R11,100k 1%,RC0603FR-07100KL,Resistor_SMD:R_0603_1608Metric,0.55,https://www.yageo.com/en/ProductSearch,,
integrated,R412,thermal,R12,47k 1%,RC0603FR-0747KL,Resistor_SMD:R_0603_1608Metric,0.55,https://www.yageo.com/en/ProductSearch,,
integrated,R413,thermal,R13,100k 1%,RC0603FR-07100KL,Resistor_SMD:R_0603_1608Metric,0.55,https://www.yageo.com/en/ProductSearch,,
integrated,U406,thermal,U6,SN74LVC1G17DBVR,SN74LVC1G17DBVR,Package_TO_SOT_SMD:SOT-23-5,1.45,https://www.ti.com/lit/ds/symlink/sn74lvc1g17.pdf,,
integrated,C407,thermal,C7,100nF 16V X7R,GRM188R71C104KA01D,Capacitor_SMD:C_0603_1608Metric,0.9,https://www.murata.com/en-us/products/productdetail?partno=GRM188R71C104KA01D,,
integrated,TP401,thermal,TP1,COIL_ARMED,PCB TEST PAD ONLY,TestPoint:TestPoint_Pad_D1.0mm,0,,,
integrated,TP402,thermal,TP2,THERMAL_READY,PCB TEST PAD ONLY,TestPoint:TestPoint_Pad_D1.0mm,0,,,
integrated,F501,integrated,,1A T 250VAC AUX FUSE / HOLD,0215001.MXEP,Integrated:Fuse_215_Axial_P30mm,7.3,https://www.littelfuse.com/assetdocs/littelfuse_fuse_215_datasheet.pdf?assetguid=990f7193-d9a2-48e4-b760-2b43514249cf,,
off_board_assembly,F601,assembly,F601,F_MAIN / 16A FAST 500VAC,8020.5080,,,https://www.schurter.com/en/datasheet/typ_SHF_6.3x32.pdf,8040.0003,2
off_board_assembly,TF601,assembly,TF601,THERMAL LINK / Tf110C / SUFFIX HOLD,MICROTEMP G5 Tf110C; exact suffix HOLD,,,https://www.sensience.com/wp-content/uploads/2022/12/Microtemp_Catalog.pdf,,
off_board_assembly,J601,assembly,J601,PLUG BLADES / L N PE / ASSEMBLY HOLD,Custom mechanical plug blade assembly,,,,,
off_board_assembly,J602,assembly,J602,SOCKET CONTACTS / L N PE / ASSEMBLY HOLD,Custom mechanical socket contact assembly,,,,,
